id,pagina_carta,categoria_carta,bodega,nombre_completo_visible,precio_texto_original,precio,moneda,estado_lectura,notas_validacion
VIN-001,2,Achaval Ferrer,Achaval Ferrer,Achaval Ferrer Quimera Blend Blanco,$52.800,52800,ARS,OK,
VIN-002,2,Achaval Ferrer,Achaval Ferrer,Achaval Ferrer Quimera Blend Tinto,$52.800,52800,ARS,OK,
VIN-003,2,Alfa crux,Alfa crux,Crux Cabernet franc,$10.100,10100,ARS,OK,
VIN-004,2,Alfa crux,Alfa crux,Crux Malbec,$10.100,10100,ARS,OK,
VIN-005,2,Alfa crux,Alfa crux,Crux Xtra Gewurztraminer,$21.100,21100,ARS,OK,
VIN-006,2,Alfa crux,Alfa crux,Crux Xtra Tempranillo,$21.100,21100,ARS,OK,
VIN-007,2,Alfa crux,Alfa crux,Beta Crux Malbec,$26.300,26300,ARS,OK,
VIN-008,2,Alfa crux,Alfa crux,Beta Crux Corte,$28.400,28400,ARS,OK,
VIN-009,2,Alfa crux,Alfa crux,Alfa Crux Malbec,$43.900,43900,ARS,OK,
VIN-010,2,Alfa crux,Alfa crux,Alfa Crux Corte Uco,$51.200,51200,ARS,OK,
VIN-011,2,Alma Negra,Alma Negra,Alma Negra Blanco,$28.000,28000,ARS,OK,
VIN-012,2,Alma Negra,Alma Negra,Alma Negra Tinto,$28.900,28900,ARS,OK,
VIN-013,2,Alma Negra,Alma Negra,Alma Negra Orange,$35.000,35000,ARS,OK,
VIN-014,2,Alpamanta,Alpamanta,Alpamanta Cab Sauv - Cab Franc,$15.000,15000,ARS,OK,
VIN-015,2,Alpamanta,Alpamanta,Terroir Sauvignon Blanc,$23.000,23000,ARS,OK,
VIN-016,2,Alpamanta,Alpamanta,Terroir Malbec,$23.000,23000,ARS,OK,
VIN-017,2,Alpasion wines,Alpasion wines,Grand Malbec,$38.500,38500,ARS,OK,
VIN-018,2,Alpasion wines,Alpasion wines,Grand Cabernet Franc,$48.800,48800,ARS,OK,
VIN-019,2,Alpasion wines,Alpasion wines,Grand Petit Verdot,$48.800,48800,ARS,OK,
VIN-020,2,Alpasion wines,Alpasion wines,Grand Pinot Noir,$48.800,48800,ARS,OK,
VIN-021,2,Alpasion wines,Alpasion wines,Private Selection Blend,$71.300,71300,ARS,OK,
VIN-022,2,Alpasion wines,Alpasion wines,Old School,$98.000,98000,ARS,OK,
VIN-023,2,Alta Yari,Alta Yari,Gran Malbec,$31.900,31900,ARS,OK,
VIN-024,2,Alta Yari,Alta Yari,Gran Torrontes,$31.900,31900,ARS,OK,
VIN-025,2,Alta Yari,Alta Yari,Icono Gran Corte,$47.900,47900,ARS,OK,
VIN-026,2,Altieri,Altieri,Winemaker's Selection Malbec Tannat,$30.000,30000,ARS,OK,
VIN-027,2,Altieri,Altieri,Regina Bianca Chardonnay,$38.000,38000,ARS,OK,
VIN-028,2,Altieri,Altieri,Victorio Altieri Gran Malbec,$45.000,45000,ARS,OK,
VIN-029,2,Altieri,Altieri,Chateau Brandsen Blend,$40.000,40000,ARS,OK,
VIN-030,2,Altocedro/Alandes/Abras,Altocedro/Alandes/Abras,Abras Torrontes,$24.000,24000,ARS,OK,
VIN-031,2,Altocedro/Alandes/Abras,Altocedro/Alandes/Abras,Altocedro Año Cero Malbec,$26.000,26000,ARS,OK,
VIN-032,2,Altocedro/Alandes/Abras,Altocedro/Alandes/Abras,Altocedro Año Cero Rose,$38.000,38000,ARS,OK,
VIN-033,2,Altocedro/Alandes/Abras,Altocedro/Alandes/Abras,Alandes Paradoux Blend Tinto,$45.000,45000,ARS,OK,
VIN-034,2,Altocedro/Alandes/Abras,Altocedro/Alandes/Abras,Altocedro Año Cero Barrel Collection Pinot Noir,$49.000,49000,ARS,OK,
VIN-035,2,Altocedro/Alandes/Abras,Altocedro/Alandes/Abras,Alandes Paradoux Blend Blanco,$50.000,50000,ARS,OK,
VIN-036,2,Altocedro/Alandes/Abras,Altocedro/Alandes/Abras,Altocedro Reserva Malbec,$60.000,60000,ARS,OK,
VIN-037,2,Altocedro/Alandes/Abras,Altocedro/Alandes/Abras,Alandes Gran Cabernet Franc,$70.000,70000,ARS,OK,
VIN-038,2,Altocedro/Alandes/Abras,Altocedro/Alandes/Abras,Altocedro Finca Los Turcos Malbec,$94.000,94000,ARS,OK,
VIN-039,2,Altos las Hormigas,Altos las Hormigas,Altos Las Hormigas Colonia Las Liebres Bonarda,$8.900,8900,ARS,OK,
VIN-040,2,Altos las Hormigas,Altos las Hormigas,Altos Las Hormigas Jardin Meteora Malbec,$44.200,44200,ARS,OK,
VIN-041,2,Altos las Hormigas,Altos las Hormigas,Alto Las Hormigas Appellation Malbec Gualtallary,$56.200,56200,ARS,OK,
VIN-042,2,Antigal,Antigal,Antigal Uno Sauvignon Blanc,$9.900,9900,ARS,OK,
VIN-043,2,Antigal,Antigal,Antigal Uno Platinum Edition Malbec,$17.000,17000,ARS,OK,
VIN-044,2,Antigal,Antigal,Antigal Aduentus Malbec,$17.000,17000,ARS,OK,
VIN-045,2,Antigal,Antigal,Antigal Aduentus Cabernet Franc,$17.000,17000,ARS,OK,
VIN-046,2,Bemberg wine estate,Bemberg wine estate,La Linterna Malbec Gualtallary,$98.900,98900,ARS,OK,
VIN-047,2,Bemberg wine estate,Bemberg wine estate,La Linterna Cabernet Sauvignon Cafayate,$98.900,98900,ARS,OK,
VIN-048,2,Bemberg wine estate,Bemberg wine estate,La Linterna Chardonnay Gualtallary,$98.900,98900,ARS,OK,
VIN-049,2,Bemberg wine estate,Bemberg wine estate,La Linterna Pinot Noir Los Arboles,$98.900,98900,ARS,OK,
VIN-050,2,Bemberg wine estate,Bemberg wine estate,La Linterna Pionero Gualtallary State Blend,$146.200,146200,ARS,OK,
VIN-051,2,Berlina,Berlina,Malbec Concreto,$8.600,8600,ARS,OK,
VIN-052,2,Berlina,Berlina,Petit Verdot - Tannat,$8.600,8600,ARS,OK,
VIN-053,2,Berlina,Berlina,[PRECIO SUELTO SIN NOMBRE VISIBLE],$22.200,22200,ARS,DUDOSO,Precio $22.200 aparece solo sin nombre asociado entre Berlina y Bira wines. Posible error de maquetación o producto faltante.
VIN-054,2,Bira wines,Bira wines,Bira Rosso D'Uco,$20.900,20900,ARS,OK,
VIN-055,2,Bira wines,Bira wines,Bira Tano,$59.300,59300,ARS,OK,
VIN-056,2,Bira wines,Bira wines,Bira Bin Otto,$81.200,81200,ARS,OK,
VIN-057,2,Bira wines,Bira wines,Bira Mero Primo,$129.300,129300,ARS,OK,
VIN-058,2,Bizzoto wines,Bizzoto wines,Bizzotto rosé de malbec y cabernet franc,$8.600,8600,ARS,OK,
VIN-059,2,Bizzoto wines,Bizzoto wines,Bizzotto reserva malbec,$13.400,13400,ARS,OK,
VIN-060,2,Bizzoto wines,Bizzoto wines,Bizzotto Semillón,$14.700,14700,ARS,OK,
VIN-061,2,Bizzoto wines,Bizzoto wines,Bizzotto Reserva blend,$14.700,14700,ARS,OK,
VIN-062,2,BoBÓ,BoBÓ,BOBO Corte Tinto,$25.000,25000,ARS,OK,
VIN-063,2,BoBÓ,BoBÓ,BOBO La Pérgola Merlot,$75.000,75000,ARS,OK,
VIN-064,2,BoBÓ,BoBÓ,BOBO Arcilla Malbec,$75.000,75000,ARS,OK,
VIN-065,2,BoBÓ,BoBÓ,BOBO Manto Chardonnay,$75.000,75000,ARS,OK,
VIN-066,2,Bodega Argento,Bodega Argento,Argento SV Orgánico Agrelo Cabernet Franc,$24.400,24400,ARS,OK,
VIN-067,2,Bodega Argento,Bodega Argento,Argento SV Orgánico Agrelo Malbec,$24.400,24400,ARS,OK,
VIN-068,2,Bodega Argento,Bodega Argento,Argento S Block Orgánico Malbec,$40.400,40400,ARS,OK,
VIN-069,2,Bressia,Bressia,Profundo,$34.900,34900,ARS,OK,
VIN-070,2,Bressia,Bressia,Lágrima Canela,$34.900,34900,ARS,OK,
VIN-071,2,Bressia,Bressia,Piel Negra Pinot Noir,$46.900,46900,ARS,OK,
VIN-072,2,Bressia,Bressia,Conjuro,$81.900,81900,ARS,OK,
VIN-073,2,Bressia,Bressia,Del Alma Petit Verdot,$189.900,189900,ARS,OK,
VIN-074,2,Bressia,Bressia,Última Hoja,$264.900,264900,ARS,OK,
VIN-075,2,Cadus,Cadus,Cadus SV Viña Vida Malbec,$56.400,56400,ARS,OK,
VIN-076,2,Carmelo Patti,Carmelo Patti,Malbec,$24.200,24200,ARS,OK,
VIN-077,2,Carmelo Patti,Carmelo Patti,Cabernet Sauvignon,$24.200,24200,ARS,OK,
VIN-078,2,Carmelo Patti,Carmelo Patti,Blend Assamblage,$60.400,60400,ARS,OK,
VIN-079,2,CARO,CARO,Aruma Malbec,$24.000,24000,ARS,OK,
VIN-080,2,CARO,CARO,Petit Caro,$40.100,40100,ARS,OK,
VIN-081,2,CARO,CARO,Caro Blend,$182.000,182000,ARS,OK,
VIN-082,3,Casarena,Casarena,Naoki,$30.900,30900,ARS,OK,
VIN-083,3,Casarena,Casarena,DNA Cabernet Sauvignon,$45.900,45900,ARS,OK,
VIN-084,3,Casarena,Casarena,DNA Malbec,$45.900,45900,ARS,OK,
VIN-085,3,Casarena,Casarena,DNA Icono,$48.900,48900,ARS,OK,
VIN-086,3,Casir Dos Santos,Casir Dos Santos,Casir dos Santos Reserva Cavernet Sauvignon,$13.100,13100,ARS,OK,Cavernet escrito así en carta (typo por Cabernet)
VIN-087,3,Casir Dos Santos,Casir Dos Santos,Casir dos Santos Reserva Petit Verdot,$13.100,13100,ARS,OK,Cavernet escrito así en carta (typo por Cabernet)
VIN-088,3,Casir Dos Santos,Casir Dos Santos,Casir dos Santos Gran Corte,$34.800,34800,ARS,OK,Cavernet escrito así en carta (typo por Cabernet)
VIN-089,3,Catena Zapata,Catena Zapata,Nicasia Blanc de Blancs,$9.500,9500,ARS,OK,
VIN-090,3,Catena Zapata,Catena Zapata,Nicasia Red Blend Malbec,$9.500,9500,ARS,OK,
VIN-091,3,Catena Zapata,Catena Zapata,Nicasia Red Blend Cab Franc,$9.500,9500,ARS,OK,
VIN-092,3,Catena Zapata,Catena Zapata,Saint Felicien Cabernet Sauvignon,$11.300,11300,ARS,OK,
VIN-093,3,Catena Zapata,Catena Zapata,Saint Felicien Malbec,$11.300,11300,ARS,OK,
VIN-094,3,Catena Zapata,Catena Zapata,Saint Felicien Cabernet Franc,$11.300,11300,ARS,OK,
VIN-095,3,Catena Zapata,Catena Zapata,Saint Felicien Pinot Noir,$11.300,11300,ARS,OK,
VIN-096,3,Catena Zapata,Catena Zapata,Saint Felicien Chardonnay,$11.300,11300,ARS,OK,
VIN-097,3,Catena Zapata,Catena Zapata,Saint Felicien Sauvignon Blanc,$11.300,11300,ARS,OK,
VIN-098,3,Catena Zapata,Catena Zapata,DV Cabernet-Malbec,$13.400,13400,ARS,OK,
VIN-099,3,Catena Zapata,Catena Zapata,DV Cabernet-Syrah,$13.400,13400,ARS,OK,
VIN-100,3,Catena Zapata,Catena Zapata,DV Syrah-Syrah,$15.400,15400,ARS,OK,
VIN-101,3,Catena Zapata,Catena Zapata,DV Pinot-Pinot,$17.600,17600,ARS,OK,
VIN-102,3,Catena Zapata,Catena Zapata,DV Chardonnay-Chardonnay,$20.400,20400,ARS,OK,
VIN-103,3,Catena Zapata,Catena Zapata,DV Catena Nature,$23.300,23300,ARS,OK,
VIN-104,3,Catena Zapata,Catena Zapata,DV Malbec-Malbec,$23.760,23760,ARS,OK,
VIN-105,3,Catena Zapata,Catena Zapata,DV Cabernet-Cabernet,$23.760,23760,ARS,OK,
VIN-106,3,Catena Zapata,Catena Zapata,Angélica Merlot,$31.500,31500,ARS,OK,
VIN-107,3,Catena Zapata,Catena Zapata,Angélica Cabernet Sauvignon,$31.500,31500,ARS,OK,
VIN-108,3,Catena Zapata,Catena Zapata,Angélica Cabernet Franc,$31.500,31500,ARS,OK,
VIN-109,3,Catena Zapata,Catena Zapata,Angélica Chardonnay,$31.500,31500,ARS,OK,
VIN-110,3,Catena Zapata,Catena Zapata,Angélica Malbec,$38.800,38800,ARS,OK,
VIN-111,3,Catena Zapata,Catena Zapata,DV Catena L'Esploratore Malbec Salta,$20.000,20000,ARS,OK,
VIN-112,3,Catena Zapata,Catena Zapata,DV Catena L'Esploratore Malbec La Rioja,$20.000,20000,ARS,OK,
VIN-113,3,Catena Zapata,Catena Zapata,DV Garnacha Lunlunta,$24.400,24400,ARS,OK,
VIN-114,3,Catena Zapata,Catena Zapata,DV Catena Nicasia Malbec,$31.750,31750,ARS,OK,
VIN-115,3,Catena Zapata,Catena Zapata,DV Catena La Pirámide Cabernet Sauvignon,$31.750,31750,ARS,OK,
VIN-116,3,Catena Zapata,Catena Zapata,DV Catena Domingo Cabernet Sauvignon,$31.750,31750,ARS,OK,
VIN-117,3,Catena Zapata,Catena Zapata,DV Catena Adrianna Malbec,$34.800,34800,ARS,OK,
VIN-118,3,Catena Zapata,Catena Zapata,Grapa DV,$35.600,35600,ARS,OK,
VIN-119,3,Catena Zapata,Catena Zapata,Pera Grau Jerez,$35.450,35450,ARS,OK,
VIN-120,3,Catena Zapata,Catena Zapata,Vermouth Vincenzo Rosso,$32.400,32400,ARS,OK,
VIN-121,3,Catena Zapata,Catena Zapata,Nicola Catena Bonarda,$57.600,57600,ARS,OK,
VIN-122,3,Catena Zapata,Catena Zapata,Nicolas Catena,$84.800,84800,ARS,OK,
VIN-123,3,Catena Zapata,Catena Zapata,Malbec Argentino,$84.800,84800,ARS,OK,
VIN-124,3,Catena Zapata,Catena Zapata,Saint Felicien Semillón Doux,$19.500,19500,ARS,OK,
VIN-125,3,Catena Zapata,Catena Zapata,Saint Felicien Nature,$15.450,15450,ARS,OK,
VIN-126,3,Catena Zapata,Catena Zapata,Saint Felicien Bonarda,$21.900,21900,ARS,OK,
VIN-127,3,Catena Zapata,Catena Zapata,Saint Felicien Rosé,$32.000,32000,ARS,OK,
VIN-128,3,Catena Zapata,Catena Zapata,Estiba Reservada 2017,$340.000,340000,ARS,OK,
VIN-129,3,Chandon,Chandon,Cuveé Blanc de Blanc,$21.200,21200,ARS,OK,
VIN-130,3,Chandon,Chandon,Cuveé Blanc de Noir,$21.200,21200,ARS,OK,
VIN-131,3,Chandon,Chandon,Baron B Extra Brut,$34.300,34300,ARS,OK,
VIN-132,3,Chandon,Chandon,Baron B Brut Nature,$46.000,46000,ARS,OK,
VIN-133,3,Chandon,Chandon,Baron B Brut Rose,$46.000,46000,ARS,OK,
VIN-134,3,Chandon,Chandon,Cheval des andes,$233.500,233500,ARS,OK,
VIN-135,3,Chañarmuyo,Chañarmuyo,Clásico Malbec,$10.900,10900,ARS,OK,
VIN-136,3,Chañarmuyo,Chañarmuyo,Clásico Syrah-Viognier Rosé,$10.900,10900,ARS,OK,
VIN-137,3,Chañarmuyo,Chañarmuyo,Gran Vino Tannat,$15.500,15500,ARS,OK,
VIN-138,3,Chañarmuyo,Chañarmuyo,Gran Vino Cabernet Franc,$15.500,15500,ARS,OK,
VIN-139,3,Chañarmuyo,Chañarmuyo,Gran Vino Cabernet Sauvignon,$15.500,15500,ARS,OK,
VIN-140,3,Chañarmuyo,Chañarmuyo,Gran Vino Malbec,$15.500,15500,ARS,OK,
VIN-141,3,Chañarmuyo,Chañarmuyo,Viña Providencia Malbec,$21.900,21900,ARS,OK,
VIN-142,3,Chañarmuyo,Chañarmuyo,Cinco hileras,$33.900,33900,ARS,OK,
VIN-143,3,Colome,Colome,Lote Especial Altura Máxima Pinot Noir,$89.400,89400,ARS,OK,
VIN-144,3,Colome,Colome,Altura Máxima Malbec,$198.700,198700,ARS,OK,
VIN-145,3,Colome,Colome,Conscientemente,,,ARS,DUDOSO,"Encabezado 'Conscientemente' sin precio visible, posible título de línea"
VIN-146,3,Colome,Colome,Conscientemente Cabernet Franc,$12.100,12100,ARS,OK,
VIN-147,3,Colome,Colome,Conscientemente Malbec,$18.700,18700,ARS,OK,
VIN-148,3,Cruzat,Cruzat,Cuveé Extra Brut,$25.100,25100,ARS,OK,
VIN-149,3,Cruzat,Cruzat,Cuveé Nature,$25.100,25100,ARS,OK,
VIN-150,3,Cruzat,Cruzat,Cuveé Extra Brut Rosé,$25.100,25100,ARS,OK,
VIN-151,3,Cruzat,Cruzat,SV Orgánico Nature,$33.000,33000,ARS,OK,
VIN-152,3,Cruzat,Cruzat,Millesime,$65.900,65900,ARS,OK,
VIN-153,3,De Angeles,De Angeles,De Angeles Malbec,$18.900,18900,ARS,OK,
VIN-154,3,De Angeles,De Angeles,De Angeles Malbec Sin Roble,$32.800,32800,ARS,OK,
VIN-155,3,De Angeles,De Angeles,De Angeles Gran Malbec,$54.700,54700,ARS,OK,
VIN-156,3,De Angeles,De Angeles,De Angeles Gran Cabernet Sauvignon,$65.600,65600,ARS,OK,
VIN-157,3,De Angeles,De Angeles,De Angeles Gran Corte,$93.700,93700,ARS,OK,
VIN-158,3,Decero,Decero,Mini Ediciones Petit Verdot,$32.400,32400,ARS,OK,
VIN-159,3,Decero,Decero,Mini Ediciones Tannat,$32.400,32400,ARS,OK,
VIN-160,3,Decero,Decero,Mini Ediciones Cabernet Franc,$32.400,32400,ARS,OK,
VIN-161,3,Decero,Decero,The Owl and the Dust Devil Icono,$32.400,32400,ARS,OK,
VIN-162,3,Decero,Decero,Amano Blend,$75.000,75000,ARS,OK,
VIN-163,3,Desenlace,Desenlace,Blend edición limitada,$16.000,16000,ARS,OK,
VIN-164,3,Desenlace,Desenlace,Superlativo Garnacha,$20.600,20600,ARS,OK,
VIN-165,3,Desenlace,Desenlace,Superlativo Monastrell,$20.600,20600,ARS,OK,
VIN-166,3,COS DE CAL,COS DE CAL,Cos de Cal Cofermentado (Corte de Viña),$55.000,55000,ARS,OK,
VIN-167,4,Domaine Bousquet,Domaine Bousquet,Domaine Bousquet Rosé,$13.300,13300,ARS,OK,
VIN-168,4,Domaine Bousquet,Domaine Bousquet,Domaine Bousquet Charmat Brut Rosé,$19.400,19400,ARS,OK,
VIN-169,4,Domaine Bousquet,Domaine Bousquet,Domaine Bousquet Rva Dulce Malbec,$20.600,20600,ARS,OK,
VIN-170,4,Domaine Bousquet,Domaine Bousquet,Domaine Bousquet Rva Pinot Noir,$20.600,20600,ARS,OK,
VIN-171,4,Domaine Bousquet,Domaine Bousquet,Domaine Bousquet Alavida Kosher Malbec,$20.600,20600,ARS,OK,
VIN-172,4,Domaine Bousquet,Domaine Bousquet,Gaia Cabernet Franc,$27.900,27900,ARS,OK,
VIN-173,4,Domaine Bousquet,Domaine Bousquet,Domaine Bousquet Ameri Blend,$72.900,72900,ARS,OK,
VIN-174,4,Domaine Nico,Domaine Nico,Domaine Nico Grand Pere Pinot Noir,$37.000,37000,ARS,OK,
VIN-175,4,Domaine Nico,Domaine Nico,Domaine Nico Grand Mere Pinot Noir,$37.600,37600,ARS,OK,
VIN-176,4,Domaine Nico,Domaine Nico,Domaine Nico Brut Rose Pinot Noir,$37.600,37600,ARS,OK,
VIN-177,4,Domaine Nico,Domaine Nico,Domaine Nico Histoire D'A Pinot Noir,$65.300,65300,ARS,OK,
VIN-178,4,Domaine Nico,Domaine Nico,Domaine Nico La Savante Pinot Noir,$65.300,65300,ARS,OK,
VIN-179,4,Domaine Nico,Domaine Nico,Domaine Nico Le Paradis Pinot Noir,$269.900,269900,ARS,OK,
VIN-180,4,Doña Paula,Doña Paula,Doña Paula Estate Blue Edition,$9.800,9800,ARS,OK,
VIN-181,4,Doña Paula,Doña Paula,Doña Paula Estate Riesling,$9.800,9800,ARS,OK,
VIN-182,4,Doña Paula,Doña Paula,Doña Paula SV El Alto Malbec,$14.900,14900,ARS,OK,
VIN-183,4,Doña Paula,Doña Paula,Doña Paula Altaluvia Cabernet Franc,$31.100,31100,ARS,OK,
VIN-184,4,Doña Paula,Doña Paula,Doña Paula Selección de Bodega Malbec,$56.000,56000,ARS,OK,
VIN-185,4,Doña Paula,Doña Paula,Doña Paula Malbec Alluvia Parcel,$74.500,74500,ARS,OK,
VIN-186,4,Durigutti,Durigutti,Durigutti Rva Malbec,$22.400,22400,ARS,OK,
VIN-187,4,Durigutti,Durigutti,Durigutti Rva Cabernet Franc,$22.400,22400,ARS,OK,
VIN-188,4,Durigutti,Durigutti,Las Compuertas Cabernet Franc,$40.600,40600,ARS,OK,
VIN-189,4,EL ESTECO,EL ESTECO,El Esteco Old Vines Torrontés,$30.000,30000,ARS,OK,
VIN-190,4,EL ESTECO,EL ESTECO,El Esteco Old Vines Criolla,$30.000,30000,ARS,OK,
VIN-191,4,EL ESTECO,EL ESTECO,El Esteco Fincas Notables Malbec,$38.800,38800,ARS,OK,
VIN-192,4,EL ESTECO,EL ESTECO,El Esteco Fincas Notables Tannat,$38.800,38800,ARS,OK,
VIN-193,4,EL ESTECO,EL ESTECO,El Esteco Fincas Notables Cabernet Franc,$38.800,38800,ARS,OK,
VIN-194,4,EL ESTECO,EL ESTECO,El Esteco Fincas Notables Sauvignon,$38.800,38800,ARS,OK,
VIN-195,4,EL ESTECO,EL ESTECO,El Esteco Fincas Notables Merlot,$38.800,38800,ARS,OK,
VIN-196,4,EL ESTECO,EL ESTECO,El Esteco Chañar Punco,$70.500,70500,ARS,OK,
VIN-197,4,EL ESTECO,EL ESTECO,El Esteco Altimus,$80.600,80600,ARS,OK,
VIN-198,4,El Porvenir,El Porvenir,Laborum SV Oak Fermented Torrontes,$31.200,31200,ARS,OK,
VIN-199,4,El Porvenir,El Porvenir,Laborum Parcela Tannat,$51.300,51300,ARS,OK,
VIN-200,4,El Porvenir,El Porvenir,Laborum Parcela Torrontes,$51.300,51300,ARS,OK,
VIN-201,4,El Porvenir,El Porvenir,El Porvenir Icon,$99.600,99600,ARS,OK,
VIN-202,4,El Psicoanalista,El Psicoanalista,Malbec,$12.300,12300,ARS,OK,
VIN-203,4,El Psicoanalista,El Psicoanalista,Cabernet Franc,$12.300,12300,ARS,OK,
VIN-204,4,El Psicoanalista,El Psicoanalista,Petit Verdot,$12.300,12300,ARS,OK,
VIN-205,4,Enemigo Wines,Enemigo Wines,Enemigo Chardonnay,$25.600,25600,ARS,OK,
VIN-206,4,Enemigo Wines,Enemigo Wines,Enemigo Semillón,$25.600,25600,ARS,OK,
VIN-207,4,Enemigo Wines,Enemigo Wines,Enemigo Syrah-Viognier,$25.600,25600,ARS,OK,
VIN-208,4,Enemigo Wines,Enemigo Wines,Enemigo Bonarda,$25.600,25600,ARS,OK,
VIN-209,4,Enemigo Wines,Enemigo Wines,Enemigo Malbec,$25.600,25600,ARS,OK,
VIN-210,4,Enemigo Wines,Enemigo Wines,Enemigo Cabernet Franc,$25.600,25600,ARS,OK,
VIN-211,4,Enemigo Wines,Enemigo Wines,Enemigo Chenin,$25.600,25600,ARS,OK,
VIN-212,4,Enemigo Wines,Enemigo Wines,Enemigo SV Bonarda El Mirador,$25.600,25600,ARS,OK,
VIN-213,4,Enemigo Wines,Enemigo Wines,Enemigo SV Bonarda Los Paraisos,$25.600,25600,ARS,OK,
VIN-214,4,Enemigo Wines,Enemigo Wines,Enemigo SV Bonarda El Barranco,$25.600,25600,ARS,OK,
VIN-215,4,Enemigo Wines,Enemigo Wines,Enemigo SV Bonarda La Esperanza,$25.600,25600,ARS,OK,
VIN-216,4,Enemigo Wines,Enemigo Wines,Gran Enemigo Torrontés,$54.650,54650,ARS,OK,
VIN-217,4,Enemigo Wines,Enemigo Wines,Gran Enemigo Blend,$54.650,54650,ARS,OK,
VIN-218,4,Enemigo Wines,Enemigo Wines,Gran Enemigo Agrelo,$54.650,54650,ARS,OK,
VIN-219,4,Enemigo Wines,Enemigo Wines,Gran Enemigo Chacayes,$54.650,54650,ARS,OK,
VIN-220,4,Enemigo Wines,Enemigo Wines,Gran Enemigo Cepillo,$54.650,54650,ARS,OK,
VIN-221,4,Enemigo Wines,Enemigo Wines,Gran Enemigo Gualtallary 2020,$60.200,60200,ARS,OK,
VIN-222,4,Enemigo Wines,Enemigo Wines,Gran Enemigo Gualtallary 2019,$85.000,85000,ARS,OK,
VIN-223,4,Enemigo Wines,Enemigo Wines,Amiguito Moscatel,$25.600,25600,ARS,OK,
VIN-224,4,Enemigo Wines,Enemigo Wines,Amiguito Criolla,$25.600,25600,ARS,OK,
VIN-225,4,Escorihuela Gascon,Escorihuela Gascon,Escorihuela Gascón Sangiovese,$10.300,10300,ARS,OK,
VIN-226,4,Escorihuela Gascon,Escorihuela Gascon,Escorihuela Gascón Gran Reserva Malbec,$15.700,15700,ARS,OK,
VIN-227,4,Escorihuela Gascon,Escorihuela Gascon,Escorihuela Gascón Pequeñas Producciones Syrah,$28.100,28100,ARS,OK,
VIN-228,4,Escorihuela Gascon,Escorihuela Gascon,Escorihuela Gascón Pequeñas Producciones Cabernet Sauvignon,$28.100,28100,ARS,OK,
VIN-229,4,Escorihuela Gascon,Escorihuela Gascon,Escorihuela Gascón Pequeñas Producciones Malbec,$28.100,28100,ARS,OK,
VIN-230,4,Escorihuela Gascon,Escorihuela Gascon,Escorihuela Gascón Pequeñas Producciones Chardonnay,$28.100,28100,ARS,OK,
VIN-231,4,Escorihuela Gascon,Escorihuela Gascon,The President Blend,$38.000,38000,ARS,OK,
VIN-232,4,Escorihuela Gascon,Escorihuela Gascon,Miguel Escorihuela Gascon,$44.000,44000,ARS,OK,
VIN-233,4,Escorihuela Gascon,Escorihuela Gascon,Don Malbec,$69.000,69000,ARS,OK,
VIN-234,4,Estela Perinetti Wines,Estela Perinetti Wines,Estelas Malbec - Cabernet Franc,$20.000,20000,ARS,OK,"Precio con salto de línea en imagen, unificado"
VIN-235,4,Estela Perinetti Wines,Estela Perinetti Wines,Estelas Pinot Noir,$42.000,42000,ARS,OK,"Precio con salto de línea en imagen, unificado"
VIN-236,4,Estela Perinetti Wines,Estela Perinetti Wines,Estela Perinetti Gran Vin,$50.000,50000,ARS,OK,"Precio con salto de línea en imagen, unificado"
VIN-237,4,Familia Falasco,Familia Falasco,Hermandad Chardonnay,$20.450,20450,ARS,OK,
VIN-238,4,Familia Falasco,Familia Falasco,Hermandad Malbec,$20.450,20450,ARS,OK,
VIN-239,4,Familia Falasco,Familia Falasco,Hermandad Blend,$20.450,20450,ARS,OK,
VIN-240,4,Familia Falasco,Familia Falasco,Bressano Corte de Malbec,$39.300,39300,ARS,OK,
VIN-241,4,Familia Falasco,Familia Falasco,Bressano Corte de Chardonnay,$39.300,39300,ARS,OK,
VIN-242,5,Famiglia Bianchi,Famiglia Bianchi,Famiglia Bianchi Extra Brut Champenoise,$11.500,11500,ARS,OK,Precio con salto de línea (ej $11.50 + 0) unificado
VIN-243,5,Famiglia Bianchi,Famiglia Bianchi,Stradivarius Elisir,$17.900,17900,ARS,OK,Precio con salto de línea (ej $11.50 + 0) unificado
VIN-244,5,Famiglia Bianchi,Famiglia Bianchi,Estrella Champenoise,$19.900,19900,ARS,OK,Precio con salto de línea (ej $11.50 + 0) unificado
VIN-245,5,Famiglia Bianchi,Famiglia Bianchi,Particular Cabernet Franc,$29.200,29200,ARS,OK,Precio con salto de línea (ej $11.50 + 0) unificado
VIN-246,5,Famiglia Bianchi,Famiglia Bianchi,Particular Merlot,$35.000,35000,ARS,OK,Precio con salto de línea (ej $11.50 + 0) unificado
VIN-247,5,Famiglia Bianchi,Famiglia Bianchi,Stradiviarius Oporto,$35.300,35300,ARS,OK,Precio con salto de línea (ej $11.50 + 0) unificado
VIN-248,5,Famiglia Bianchi,Famiglia Bianchi,Stradiviarius Extra Brut Cabernet Sauvignon,$39.800,39800,ARS,OK,Precio con salto de línea (ej $11.50 + 0) unificado
VIN-249,5,Famiglia Bianchi,Famiglia Bianchi,Bianchi IV Generación Gran Malbec,$45.300,45300,ARS,OK,Precio con salto de línea (ej $11.50 + 0) unificado
VIN-250,5,Famiglia Bianchi,Famiglia Bianchi,Bianchi IV Generación Gran Corte,$45.300,45300,ARS,OK,Precio con salto de línea (ej $11.50 + 0) unificado
VIN-251,5,Famiglia Bianchi,Famiglia Bianchi,María Carmen Chardonnay,$89.800,89800,ARS,OK,Precio con salto de línea (ej $11.50 + 0) unificado
VIN-252,5,Famiglia Bianchi,Famiglia Bianchi,Enzo Gran Malbec,$119.700,119700,ARS,OK,Precio con salto de línea (ej $11.50 + 0) unificado
VIN-253,5,Famiglia Bianchi,Famiglia Bianchi,Enzo Gran Corte,$119.700,119700,ARS,OK,Precio con salto de línea (ej $11.50 + 0) unificado
VIN-254,5,Familia Zuccardi,Familia Zuccardi,Santa Julia Natural El Zorrito Naranjo,$16.000,16000,ARS,OK,Precio con salto de línea unificado
VIN-255,5,Familia Zuccardi,Familia Zuccardi,Santa Julia Natural La Vaquita Clarete Natural,$16.000,16000,ARS,OK,Precio con salto de línea unificado
VIN-256,5,Familia Zuccardi,Familia Zuccardi,Zuccardi Malamado Malbec,$18.300,18300,ARS,OK,Precio con salto de línea unificado
VIN-257,5,Familia Zuccardi,Familia Zuccardi,Santa Julia Natural La Mantis Pet Nat,$16.600,16600,ARS,OK,Precio con salto de línea unificado
VIN-258,5,Familia Zuccardi,Familia Zuccardi,Zuccardi POLIGONOS ALBARIÑO SAN PABLO,$29.500,29500,ARS,OK,Precio con salto de línea unificado
VIN-259,5,Familia Zuccardi,Familia Zuccardi,Zuccardi POLIGONOS CABERNET FRANC GUALTALLARY,$29.500,29500,ARS,OK,Precio con salto de línea unificado
VIN-260,5,Familia Zuccardi,Familia Zuccardi,Zuccardi Concreto Malbec,$38.100,38100,ARS,OK,Precio con salto de línea unificado
VIN-261,5,Familia Zuccardi,Familia Zuccardi,Zuccardi Emma Bonarda,$40.200,40200,ARS,OK,Precio con salto de línea unificado
VIN-262,5,Familia Zuccardi,Familia Zuccardi,Zuccardi Malamado Vintage Malbec,$53.500,53500,ARS,OK,Precio con salto de línea unificado
VIN-263,5,Familia Zuccardi,Familia Zuccardi,Zuccardi Tito Zuccardi Blend,$40.200,40200,ARS,OK,Precio con salto de línea unificado
VIN-264,5,Familia Zuccardi,Familia Zuccardi,José Zuccardi,$60.500,60500,ARS,OK,Precio con salto de línea unificado
VIN-265,5,Familia Zuccardi,Familia Zuccardi,Zuccardi ALUVIONAL ALTAMIRA,$99.500,99500,ARS,OK,Precio con salto de línea unificado
VIN-266,5,Familia Zuccardi,Familia Zuccardi,Zuccardi ALUVIONAL GUALTALLARY,$99.500,99500,ARS,OK,Precio con salto de línea unificado
VIN-267,5,Familia Zuccardi,Familia Zuccardi,Zuccardi ALUVIONAL CHACAYES,$99.500,99500,ARS,OK,Precio con salto de línea unificado
VIN-268,5,Familia Zuccardi,Familia Zuccardi,Zuccardi Botanico CHARDONNAY,$99.500,99500,ARS,OK,Precio con salto de línea unificado
VIN-269,5,Familia Zuccardi,Familia Zuccardi,Zuccardi FOSIL CHARDONNAY,$99.500,99500,ARS,OK,Precio con salto de línea unificado
VIN-270,5,Finca la Escarcha,Finca la Escarcha,Encubierto Blend de Tintas,$15.900,15900,ARS,OK,Precio con salto de línea unificado
VIN-271,5,Finca la Escarcha,Finca la Escarcha,Entrelineas Viognier,$26.500,26500,ARS,OK,Precio con salto de línea unificado
VIN-272,5,Finca la Escarcha,Finca la Escarcha,Verso Perverso Blend,$48.800,48800,ARS,OK,Precio con salto de línea unificado
VIN-273,5,Finca las Moras,Finca las Moras,Las Moras Los Intocables Cabernet Sauvignon,$14.000,14000,ARS,OK,
VIN-274,5,Finca las Moras,Finca las Moras,Paz de las Moras CS-CF,$15.500,15500,ARS,OK,
VIN-275,5,Finca las Moras,Finca las Moras,Las Moras Demencial Pinot Noir,$21.100,21100,ARS,OK,
VIN-276,5,Finca las Moras,Finca las Moras,Finca Las Moras Gran Syrah,$47.000,47000,ARS,OK,
VIN-277,5,Finca las Moras,Finca las Moras,Mora Negra Malbec Bonarda,$62.800,62800,ARS,OK,
VIN-278,5,Finca Flichman,Finca Flichman,Flichman Dedicado Tupungato Chardonnay,$38.800,38800,ARS,OK,
VIN-279,5,Finca Flichman,Finca Flichman,Flichman Dedicado Gran Malbec,$62.500,62500,ARS,OK,
VIN-280,5,Finca Flichman,Finca Flichman,Flichman Dedicado Gran Corte,$62.500,62500,ARS,OK,
VIN-281,5,Finca Suarez,Finca Suarez,Finca Suarez Cabernet Sauvignon,$18.700,18700,ARS,OK,
VIN-282,5,Finca Suarez,Finca Suarez,Finca Suarez Semillón,$27.500,27500,ARS,OK,
VIN-283,5,Finca Suarez,Finca Suarez,Finca Suarez Malbec de Parcela,$35.000,35000,ARS,OK,
VIN-284,5,Foster Lorca,Foster Lorca,Foster Lorca Poético Cabernet Franc,$12.100,12100,ARS,OK,
VIN-285,5,Foster Lorca,Foster Lorca,Foster Lorca Reserva Bonarda,$12.100,12100,ARS,OK,
VIN-286,5,Foster Lorca,Foster Lorca,Foster Lorca Inspirado Cabernet franc,$55.600,55600,ARS,OK,
VIN-287,5,Foster Lorca,Foster Lorca,Foster Lorca Inspirado Cabernet Cabernet,$55.600,55600,ARS,OK,
VIN-288,5,Fuego Blanco,Fuego Blanco,Fuego Blanco Sauvignon Blanc,$13.800,13800,ARS,OK,
VIN-289,5,Fuego Blanco,Fuego Blanco,Fuego Blanco Gewurztraminer,$13.800,13800,ARS,OK,
VIN-290,5,Fuego Blanco,Fuego Blanco,Fuego Blanco Flinstone Malbec,$17.400,17400,ARS,OK,
VIN-291,5,Fuego Blanco,Fuego Blanco,Fuego Blanco Flinstone Cabernet Franc,$17.400,17400,ARS,OK,
VIN-292,6,Gen del Alma,Gen del Alma,Otra Piel Blend,$21.500,21500,ARS,OK,
VIN-293,6,Gen del Alma,Gen del Alma,Otra Piel Chardonnay,$21.500,21500,ARS,OK,
VIN-294,6,Gen del Alma,Gen del Alma,Seminare Malbec,$31.500,31500,ARS,OK,
VIN-295,6,Gimenez Riili,Gimenez Riili,Buenos Hermanos Torrontés,$12.700,12700,ARS,OK,
VIN-296,6,Gimenez Riili,Gimenez Riili,Buenos Hermanos Malbec,$12.700,12700,ARS,OK,
VIN-297,6,Gimenez Riili,Gimenez Riili,Buenos Hermanos Bonarda Valiente,$12.700,12700,ARS,OK,
VIN-298,6,Gimenez Riili,Gimenez Riili,Buenos Hermanos Cabernet Franc,$12.700,12700,ARS,OK,
VIN-299,6,Gimenez Riili,Gimenez Riili,Buenos Hermanos Blend,$12.700,12700,ARS,OK,
VIN-300,6,Gimenez Riili,Gimenez Riili,Gran Familia Malbec,$39.500,39500,ARS,OK,Últimos 3 con salto de línea $39.50 + 0
VIN-301,6,Gimenez Riili,Gimenez Riili,Gran Familia Syrah,$39.500,39500,ARS,OK,Últimos 3 con salto de línea $39.50 + 0
VIN-302,6,Gimenez Riili,Gimenez Riili,Joyas de Familia Corte,$39.500,39500,ARS,OK,Últimos 3 con salto de línea $39.50 + 0
VIN-303,6,Huentala Wines,Huentala Wines,Huentala La Isabel Cofermentado,$43.900,43900,ARS,OK,Precio con salto de línea unificado
VIN-304,6,Huentala Wines,Huentala Wines,Huentala Block 03 Malbec,$63.900,63900,ARS,OK,Precio con salto de línea unificado
VIN-305,6,Humberto Canale,Humberto Canale,Old Vineyard Semillón,$16.000,16000,ARS,OK,Precio con salto de línea unificado
VIN-306,6,Humberto Canale,Humberto Canale,Old Vineyard Malbec,$23.000,23000,ARS,OK,Precio con salto de línea unificado
VIN-307,6,Humberto Canale,Humberto Canale,Gran Reserva Merlot,$32.000,32000,ARS,OK,Precio con salto de línea unificado
VIN-308,6,Humberto Canale,Humberto Canale,Gran Reserva Malbec,$32.000,32000,ARS,OK,Precio con salto de línea unificado
VIN-309,6,Humberto Canale,Humberto Canale,Gran Reserva Cabernet Franc,$32.000,32000,ARS,OK,Precio con salto de línea unificado
VIN-310,6,Humberto Canale,Humberto Canale,Gran Reserva Pinot Noir,$40.000,40000,ARS,OK,Precio con salto de línea unificado
VIN-311,6,Lamadrid,Lamadrid,Gran Rva Malbec,$27.700,27700,ARS,OK,Precio con salto de línea unificado
VIN-312,6,Lamadrid,Lamadrid,Gran Rva Cabernet Franc,$27.700,27700,ARS,OK,Precio con salto de línea unificado
VIN-313,6,Lamadrid,Lamadrid,Gran Rva Cabernet Sauvignon,$27.700,27700,ARS,OK,Precio con salto de línea unificado
VIN-314,6,Lamadrid,Lamadrid,Matilde Malbec,$57.420,57420,ARS,OK,Precio con salto de línea unificado
VIN-315,6,La imaginacion al poder,La imaginacion al poder,La Imaginacion al Poder Naranjo Mecanico,$25.000,25000,ARS,OK,
VIN-316,6,La imaginacion al poder,La imaginacion al poder,La Imaginacion al Poder Power Merlot,$22.500,22500,ARS,OK,
VIN-317,6,La imaginacion al poder,La imaginacion al poder,La Imaginacion al Poder Power Malbec,$22.500,22500,ARS,OK,
VIN-318,6,La imaginacion al poder,La imaginacion al poder,La imaginación al Poder Flower Merlot,$22.500,22500,ARS,OK,
VIN-319,6,La imaginacion al poder,La imaginacion al poder,La Imaginacion al Poder Bonarda en Barrica,$25.000,25000,ARS,OK,
VIN-320,6,La imaginacion al poder,La imaginacion al poder,La Imaginacion al Poder Chardo con Polvora,$35.000,35000,ARS,OK,
VIN-321,6,La imaginacion al poder,La imaginacion al poder,La Imaginacion al Poder Orange de Noir,$35.000,35000,ARS,OK,
VIN-322,6,Kaiken,Kaiken,Ultra Pinot Noir,$19.500,19500,ARS,OK,
VIN-323,6,Kaiken,Kaiken,Ultra Malbec,$19.500,19500,ARS,OK,
VIN-324,6,Kaiken,Kaiken,Ultra Merlot,$19.500,19500,ARS,OK,
VIN-325,6,Kaiken,Kaiken,Nude Premiu m Rosé,$24.800,24800,ARS,OK,Nude Premiu m Rosé con espacio por salto de línea
VIN-326,6,Kaiken,Kaiken,Obertura Cabernet Franc,$39.500,39500,ARS,OK,
VIN-327,6,Kaiken,Kaiken,Luxury Blend 20 Aniversario,$67.000,67000,ARS,OK,
VIN-328,6,Kaiken,Kaiken,MAI Malbec Estuche Individual,$85.000,85000,ARS,OK,
VIN-329,6,La Posta,La Posta,La Posta Rosé de Malbec,$13.500,13500,ARS,OK,
VIN-330,6,La Posta,La Posta,La Posta Armando Bonarda,$15.600,15600,ARS,OK,
VIN-331,6,La Posta,La Posta,La Posta Glorieta Pinot Noir,$15.600,15600,ARS,OK,
VIN-332,6,La Posta,La Posta,La Posta Pizzella Malbec,$15.600,15600,ARS,OK,
VIN-333,6,Lagarde,Lagarde,Lagarde Goes Pink Rosé,$16.800,16800,ARS,OK,
VIN-334,6,Lagarde,Lagarde,Lagarde Guarda DOC Malbec,$32.400,32400,ARS,OK,
VIN-335,6,Lagarde,Lagarde,Lagarde Proyecto Hermanas Pinot Noir,$46.800,46800,ARS,OK,
VIN-336,6,Lagarde,Lagarde,Lagarde Primeras Viñas Cabernet Sauvignon Luján de Cuyo,$97.500,97500,ARS,OK,
VIN-337,6,Lagarde,Lagarde,Lagarde Primeras Viñas Gualtallary Malbec,$97.500,97500,ARS,OK,
VIN-338,6,Lagarde,Lagarde,Lagarde Henry Guarda N°1 Blend,$285.000,285000,ARS,OK,Precio $285.00 + 0 unificado
VIN-339,7,Las Perdices,Las Perdices,Las Perdices Late Harvest Viognier Tardio,$10.000,10000,ARS,OK,
VIN-340,7,Las Perdices,Las Perdices,Las Perdices Extra Brut,$10.000,10000,ARS,OK,
VIN-341,7,Las Perdices,Las Perdices,La perdiz en el arbol Sidra de manzanas,$13.000,13000,ARS,OK,
VIN-342,7,Las Perdices,Las Perdices,Las Perdices Brut Nature,$11.000,11000,ARS,OK,
VIN-343,7,Las Perdices,Las Perdices,Las Perdices Ala Colorada Ancellota,$13.000,13000,ARS,OK,
VIN-344,7,Las Perdices,Las Perdices,Las Perdices Ala Colorada Tannat,$13.000,13000,ARS,OK,
VIN-345,7,Las Perdices,Las Perdices,Las Perdices Albarino,$13.000,13000,ARS,OK,
VIN-346,7,Las Perdices,Las Perdices,Las Perdices Exploración Classique Rosé de Malbec,$13.000,13000,ARS,OK,
VIN-347,7,Las Perdices,Las Perdices,Las Perdices Riesling,$13.000,13000,ARS,OK,
VIN-348,7,Las Perdices,Las Perdices,Las Perdices Exploración Casablanca Sauvignon Blanc,$15.500,15500,ARS,OK,
VIN-349,7,Las Perdices,Las Perdices,Las Perdices Ice Wine,$20.000,20000,ARS,OK,
VIN-350,7,Las Perdices,Las Perdices,Las Perdices Gewurztraminer,$20.000,20000,ARS,OK,
VIN-351,7,Las Perdices,Las Perdices,Las Perdices Tinamú Blend,$40.000,40000,ARS,OK,
VIN-352,7,Las Perdices,Las Perdices,Las Perdices Alae Malbec,$65.000,65000,ARS,OK,
VIN-353,7,Laureano Gomez,Laureano Gomez,Laureano Gomez Red Blend Rva,$15.400,15400,ARS,OK,
VIN-354,7,Laureano Gomez,Laureano Gomez,Laureano Gomez Merlot Rva,$16.500,16500,ARS,OK,
VIN-355,7,Laureano Gomez,Laureano Gomez,Laureano Gomez Pinot Noir Rva,$16.500,16500,ARS,OK,
VIN-356,7,Laureano Gomez,Laureano Gomez,Laureano Gomez Gran Rva Merlot,$49.500,49500,ARS,OK,
VIN-357,7,Laureano Gomez,Laureano Gomez,Laureano Gomez Gran Rva Pinot Noir,$49.500,49500,ARS,OK,
VIN-358,7,Lopez,Lopez,Federico López Jerez,$10.400,10400,ARS,OK,
VIN-359,7,Lopez,Lopez,Montchenot 10 años Tinto,$42.600,42600,ARS,OK,
VIN-360,7,Lorenzo de agrelo,Lorenzo de agrelo,Lorenzo de Agrelo Martir Chardonnay,$30.500,30500,ARS,OK,
VIN-361,7,Lorenzo de agrelo,Lorenzo de agrelo,Lorenzo de Agrelo Martir Malbec,$30.500,30500,ARS,OK,
VIN-362,7,Lorenzo de agrelo,Lorenzo de agrelo,Lorenzo de Agrelo Fede Malbec,$130.000,130000,ARS,OK,
VIN-363,7,Losance,Losance,Losance Chardonnay,$14.000,14000,ARS,OK,"Precio en imagen como $14.000,00 con salto de línea ,00 / $14.000, 00"
VIN-364,7,Losance,Losance,Losance Semillón,$14.000,14000,ARS,OK,"Precio en imagen como $14.000,00 con salto de línea ,00 / $14.000, 00"
VIN-365,7,Losance,Losance,Losance Chenin,$14.000,14000,ARS,OK,"Precio en imagen como $14.000,00 con salto de línea ,00 / $14.000, 00"
VIN-366,7,Losance,Losance,Losance Riesling,$14.000,14000,ARS,OK,"Precio en imagen como $14.000,00 con salto de línea ,00 / $14.000, 00"
VIN-367,7,Losance,Losance,Losance Extra Brut Charmat,$15.000,15000,ARS,OK,"Precio en imagen como $14.000,00 con salto de línea ,00 / $14.000, 00"
VIN-368,7,Losance,Losance,Losance Brut Charmat,$15.000,15000,ARS,OK,"Precio en imagen como $14.000,00 con salto de línea ,00 / $14.000, 00"
VIN-369,7,Losance,Losance,Losance Ragazzina Malbec Rose,$19.000,19000,ARS,OK,"Precio en imagen como $14.000,00 con salto de línea ,00 / $14.000, 00"
VIN-370,7,Losance,Losance,Losance Ragazzina Pinot Noir Rose,$20.000,20000,ARS,OK,"Precio en imagen como $14.000,00 con salto de línea ,00 / $14.000, 00"
VIN-371,7,Losance,Losance,Losance Piu Pinot Noir,$20.000,20000,ARS,OK,"Precio en imagen como $14.000,00 con salto de línea ,00 / $14.000, 00"
VIN-372,7,Losance,Losance,Losance LoSance Malbec,$22.000,22000,ARS,OK,"Precio en imagen como $14.000,00 con salto de línea ,00 / $14.000, 00"
VIN-373,7,Losance,Losance,Losance LoSance Blend,$22.000,22000,ARS,OK,"Precio en imagen como $14.000,00 con salto de línea ,00 / $14.000, 00"
VIN-374,7,Losance,Losance,Losance Nature Champenoise,$25.000,25000,ARS,OK,"Precio en imagen como $14.000,00 con salto de línea ,00 / $14.000, 00"
VIN-375,7,Losance,Losance,Losance Extra Brut Champenoise,$25.000,25000,ARS,OK,"Precio en imagen como $14.000,00 con salto de línea ,00 / $14.000, 00"
VIN-376,7,Luigi Bosca,Luigi Bosca,Luigi Bosca Extra Brut,$26.000,26000,ARS,OK,
VIN-377,7,Luigi Bosca,Luigi Bosca,Luigi Bosca Pinot Noir,$26.800,26800,ARS,OK,
VIN-378,7,Luigi Bosca,Luigi Bosca,Luigi Bosca Brut Nature,$29.000,29000,ARS,OK,
VIN-379,7,Luigi Bosca,Luigi Bosca,Luigi Bosca Rose is a Rose,$27.600,27600,ARS,OK,
VIN-380,7,Luigi Bosca,Luigi Bosca,Luigi Bosca de Sangre Malbec Valle de Uco,$31.800,31800,ARS,OK,
VIN-381,7,Luigi Bosca,Luigi Bosca,Luigi Bosca de Sangre White Blend,$31.800,31800,ARS,OK,
VIN-382,7,Luigi Bosca,Luigi Bosca,Luigi Bosca Las Compuertas Riesling,$42.000,42000,ARS,OK,
VIN-383,7,Luigi Bosca,Luigi Bosca,Luigi Bosca Gewurztraminer,$39.600,39600,ARS,OK,
VIN-384,7,Luigi Bosca,Luigi Bosca,Luigi Bosca Paraiso Blend,$140.000,140000,ARS,OK,
VIN-385,7,Luca Wines,Luca Wines,Luca G-Lot Chardonnay,$29.000,29000,ARS,OK,
VIN-386,7,Luca Wines,Luca Wines,Luca Pinot Noir,$29.000,29000,ARS,OK,
VIN-387,7,Luca Wines,Luca Wines,Luca Laborde Syrah,$29.000,29000,ARS,OK,
VIN-388,7,Luca Wines,Luca Wines,Luca Old Vine Malbec,$34.500,34500,ARS,OK,
VIN-389,7,Luca Wines,Luca Wines,Luca Beso de Dante Blend,$49.000,49000,ARS,OK,
VIN-390,7,Luca Wines,Luca Wines,Luca Old Vine Malbec MAGNUM,$60.000,60000,ARS,OK,
VIN-391,7,Luca Wines,Luca Wines,Luca Historia de Familia Malbec MAGNUM,$73.500,73500,ARS,OK,
VIN-392,7,Luca Wines,Luca Wines,Nico by Luca Malbec,$109.000,109000,ARS,OK,
VIN-393,7,Lupa,Lupa,Calle Constatini Malbec Petit Verdot,$20.800,20800,ARS,OK,
VIN-394,7,Lupa,Lupa,LUPA Malbec,$56.000,56000,ARS,OK,
VIN-395,7,Manos negras,Manos negras,Manos Negras Chardonnay,$12.000,12000,ARS,OK,
VIN-396,7,Manos negras,Manos negras,Manos Negras Cabernet Sauvignon,$12.000,12000,ARS,OK,
VIN-397,7,Manos negras,Manos negras,Manos Negras Cold Soil Sauvignon Blanc,$14.600,14600,ARS,OK,
VIN-398,7,Manos negras,Manos negras,Manos Negras Blend de Blancas,$14.600,14600,ARS,OK,
VIN-399,7,Manos negras,Manos negras,Manos Negras Malbec,$12.000,12000,ARS,OK,
VIN-400,7,Manos negras,Manos negras,Manos Negras Pinot Noir,$13.800,13800,ARS,OK,
VIN-401,7,Manos negras,Manos negras,Manos Negras Stone Soil Malbec,$15.400,15400,ARS,OK,
VIN-402,7,Manos negras,Manos negras,Manos Negras Red Soil Pinot Noir,$18.200,18200,ARS,OK,
VIN-403,7,Manos negras,Manos negras,Manos Negras Artesano Malbec,$24.200,24200,ARS,OK,
VIN-404,7,Manos negras,Manos negras,Manos Negras Artesano Pinot Noir,$27.600,27600,ARS,OK,
VIN-405,7,Marcelo Pelleriti,Marcelo Pelleriti,Marcelo Pelleriti Signature Blend Tinto,$25.300,25300,ARS,OK,
VIN-406,7,Marcelo Pelleriti,Marcelo Pelleriti,Marcelo Pelleriti Signature Cabernet Sauvignon,$25.300,25300,ARS,OK,
VIN-407,7,Marcelo Pelleriti,Marcelo Pelleriti,Marcelo Pelleriti Signature Malbec,$25.300,25300,ARS,OK,
VIN-408,7,Marcelo Pelleriti,Marcelo Pelleriti,Marcelo Pelleritti Selection Blend of Terroirs,$81.700,81700,ARS,OK,
VIN-409,7,Marchiori & Barraud,Marchiori & Barraud,Marchiori & Barraud Malbec,$11.900,11900,ARS,OK,
VIN-410,7,Marchiori & Barraud,Marchiori & Barraud,Marchiori & Barraud Cuartel 2 Malbec,$25.900,25900,ARS,OK,
VIN-411,7,Marchiori & Barraud,Marchiori & Barraud,Marchiori & Barraud Cuartel 2 Cabernet Sauvignon,$25.900,25900,ARS,OK,
VIN-412,8,Mendel Wines,Mendel Wines,Mendel Rosadia Rosé,$37.900,37900,ARS,OK,Precio con salto de línea $37.90 + 0 unificado
VIN-413,8,Mendel Wines,Mendel Wines,Mendel Unus,$57.900,57900,ARS,OK,Precio con salto de línea $37.90 + 0 unificado
VIN-414,8,Mendel Wines,Mendel Wines,Mendel Finca Remota Malbec,$140.900,140900,ARS,OK,Precio con salto de línea $37.90 + 0 unificado
VIN-415,8,Mendel Wines,Mendel Wines,Mendel Finca de los Andes DOC Luján de Cuyo Malbec,$181.900,181900,ARS,OK,Precio con salto de línea $37.90 + 0 unificado
VIN-416,8,Michel Rolland,Michel Rolland,Michel Rolland Mariflor Malbec,$32.200,32200,ARS,OK,Precio con salto de línea unificado
VIN-417,8,Michel Rolland,Michel Rolland,Michel Rolland Mariflor Sauvignon Blanc,$36.800,36800,ARS,OK,Precio con salto de línea unificado
VIN-418,8,Michel Rolland,Michel Rolland,Michel Rolana Mariflor Cabernet Sauvignon,$60.400,60400,ARS,OK,Precio con salto de línea unificado; 'Rolana' typo en carta por Rolland
VIN-419,8,Michel Rolland,Michel Rolland,Michel Rolland Mariflor Cabernet Franc,$65.400,65400,ARS,OK,Precio con salto de línea unificado
VIN-420,8,Michel Rolland,Michel Rolland,Michel Rolland Val de Flores Malbec,$146.800,146800,ARS,OK,Precio con salto de línea unificado
VIN-421,8,Moet & Chandon,Moet & Chandon,Veuve Clicquot Brut Est Eco,$153.600,153600,ARS,OK,Precio con salto de línea unificado
VIN-422,8,Moet & Chandon,Moet & Chandon,Dom Perignon 2013,$665.000,665000,ARS,OK,Precio con salto de línea unificado
VIN-423,8,Montequieto,Montequieto,Montequieto Quieto Rosado de Cabernet Franc,$14.000,14000,ARS,OK,
VIN-424,8,Montequieto,Montequieto,Montequieto Alegre Gran Corte Malbec,$20.900,20900,ARS,OK,
VIN-425,8,Montequieto,Montequieto,Montequieto Alegre Gran Corte Cabernet Franc,$20.900,20900,ARS,OK,
VIN-426,8,Montequieto,Montequieto,Montequieto Alegre Gran Corte,$20.900,20900,ARS,OK,
VIN-427,8,Montequieto,Montequieto,Montequieto Enlace Blend,$40.900,40900,ARS,OK,
VIN-428,8,Monteviejo,Monteviejo,Petite fleur cabernet franc,$19.900,19900,ARS,OK,
VIN-429,8,Monteviejo,Monteviejo,Petite fleur blend,$19.900,19900,ARS,OK,
VIN-430,8,Monteviejo,Monteviejo,Monteviejo Lindaflor Chardonnay,$39.500,39500,ARS,OK,Precio con salto de línea unificado
VIN-431,8,Monteviejo,Monteviejo,Monteviejo Lindaflor Blend,$95.500,95500,ARS,OK,Precio con salto de línea unificado
VIN-432,8,Monteviejo,Monteviejo,Monteviejo Lindaflor Malbec,$95.500,95500,ARS,OK,Precio con salto de línea unificado
VIN-433,8,Morelli & Ojeda,Morelli & Ojeda,Morelli & Ojeda Caliche Bonarda,$13.700,13700,ARS,OK,
VIN-434,8,Morelli & Ojeda,Morelli & Ojeda,Morelli & Ojeda Caliche Blend,$13.700,13700,ARS,OK,
VIN-435,8,Morelli & Ojeda,Morelli & Ojeda,Morelli & Ojeda Refrán Cabernet Franc,$18.000,18000,ARS,OK,Precio con salto de línea unificado
VIN-436,8,Morelli & Ojeda,Morelli & Ojeda,Morelli & Ojeda Obstinado Pinot Noir,$25.000,25000,ARS,OK,Precio con salto de línea unificado
VIN-437,8,Morelli & Ojeda,Morelli & Ojeda,Morelli & Ojeda Obstinado Pedro Ximenez,$35.000,35000,ARS,OK,Precio con salto de línea unificado
VIN-438,8,Mosquita Muerta,Mosquita Muerta,Mosquita Muerta PISPI Blend,$10.800,10800,ARS,OK,Precio con salto de línea unificado
VIN-439,8,Mosquita Muerta,Mosquita Muerta,Mosquita Muerta Sapo de Otro Pozo Blend,$16.000,16000,ARS,OK,Precio con salto de línea unificado
VIN-440,8,Mosquita Muerta,Mosquita Muerta,Mosquita Muerta Blend de Tintas,$21.000,21000,ARS,OK,Precio con salto de línea unificado
VIN-441,8,Mosquita Muerta,Mosquita Muerta,Mosquita Muerta Black Malbec,$44.800,44800,ARS,OK,Precio con salto de línea unificado
VIN-442,8,Mosquita Muerta,Mosquita Muerta,Mosquita Muerta Black Cabernet Sauvignon,$44.800,44800,ARS,OK,Precio con salto de línea unificado
VIN-443,8,Navarro Correas,Navarro Correas,Navarro Correas Alegoria Gran Reserva Cabernet Sauvignon,$22.900,22900,ARS,OK,Precio con salto de línea unificado
VIN-444,8,Navarro Correas,Navarro Correas,Navarro Correas Structura,$59.400,59400,ARS,OK,Precio con salto de línea unificado
VIN-445,8,Navarro Correas,Navarro Correas,Navarro Correas Juan de Dios Blend,$84.900,84900,ARS,OK,Precio con salto de línea unificado
VIN-446,9,Niven Wines,Niven Wines,Niven Criolla Argentina Moscatel Rosado,$6.100,6100,ARS,OK,
VIN-447,9,Niven Wines,Niven Wines,Niven Criolla Argentina Grande,$9.300,9300,ARS,OK,
VIN-448,9,Niven Wines,Niven Wines,Niven Pala Corazón Cabernet Franc,$10.200,10200,ARS,OK,
VIN-449,9,Niven Wines,Niven Wines,Niven Pala Corazón Malbec,$10.200,10200,ARS,OK,
VIN-450,9,Niven Wines,Niven Wines,Niven Pala Corazón Bonarda,$10.200,10200,ARS,OK,
VIN-451,9,Niven Wines,Niven Wines,Niven Pala Corazón Blend de Tintas,$10.200,10200,ARS,OK,
VIN-452,9,Niven Wines,Niven Wines,Niven Pala Corazón Chardonnay,$10.200,10200,ARS,OK,
VIN-453,9,Niven Wines,Niven Wines,Niven Pala Corazón Sauvignon Blanc,$10.200,10200,ARS,OK,
VIN-454,9,Niven Wines,Niven Wines,Niven Aqui estamos todos locos Bequignol-Bounamico,$10.200,10200,ARS,OK,
VIN-455,9,Niven Wines,Niven Wines,Niven Aqui estamos todos locos Maticha Naranjo,$10.200,10200,ARS,OK,
VIN-456,9,Niven Wines,Niven Wines,Niven Extraviado San Pablo Gran Rva Malbec,$14.000,14000,ARS,OK,
VIN-457,9,Niven Wines,Niven Wines,Niven Rompecorazones Gran Rva Malbec,$33.300,33300,ARS,OK,
VIN-458,9,Norton,Norton,Norton Lote Blanco,$22.400,22400,ARS,OK,
VIN-459,9,Norton,Norton,Norton Lote Negro Red Blend,$23.000,23000,ARS,OK,
VIN-460,9,Norton,Norton,Norton Gernot Langes,$69.500,69500,ARS,OK,
VIN-461,9,ONOFRI,ONOFRI,Alma gemela amber wine,$33.900,33900,ARS,OK,
VIN-462,9,Otronia,Otronia,Otronia 45 Rugientes Corte de Blancas,$40.700,40700,ARS,OK,
VIN-463,9,Otronia,Otronia,Otronia 45 Rugientes Pinot Noir,$40.700,40700,ARS,OK,
VIN-464,9,Otronia,Otronia,Otronia 45 Rugientes Merlot,$40.700,40700,ARS,OK,
VIN-465,9,Otronia,Otronia,Otronia 45 Rugientes Rosé,$40.700,40700,ARS,OK,
VIN-466,9,Otronia,Otronia,Otronia Lagunar Orgánico Naranjo,$54.500,54500,ARS,OK,
VIN-467,9,Otronia,Otronia,Otronia Brut Nature Chardonnay,$56.700,56700,ARS,OK,
VIN-468,9,Otronia,Otronia,Otronia Brut Nature Rose,$56.700,56700,ARS,OK,
VIN-469,9,Otronia,Otronia,Otronia Lagunar Orgánico Torrontés,$62.600,62600,ARS,OK,
VIN-470,9,Otronia,Otronia,Otronia Chardonnay,$99.900,99900,ARS,OK,
VIN-471,9,Otronia,Otronia,Otronia Lagunar Orgánico caja Torrontés/Naranjo/Tardio,$147.400,147400,ARS,OK,Último con salto de línea $147.40 + 0
VIN-472,9,Penedo Borges,Penedo Borges,Penedo Borges Cepas Malbec Rosé,$10.000,10000,ARS,OK,
VIN-473,9,Penedo Borges,Penedo Borges,Penedo Borges Cosecha Tardía Malbec,$13.500,13500,ARS,OK,
VIN-474,9,Penedo Borges,Penedo Borges,Penedo Borges Selección de Parcelas Cabernet Sauvignon,$36.000,36000,ARS,OK,
VIN-475,9,Penedo Borges,Penedo Borges,Penedo Borges Selección de Parcelas Chardonnay,$36.000,36000,ARS,OK,
VIN-476,9,Penedo Borges,Penedo Borges,Penedo Borges Penedo Blend Icono Malbec,$55.000,55000,ARS,OK,
VIN-477,9,Penedo Borges,Penedo Borges,Penedo Borges Microvinificación Cabernet Franc,$100.000,100000,ARS,OK,Precio $100.00 + 0 unificado
VIN-478,9,Penedo Borges,Penedo Borges,Penedo Borges Microvinificación Petit Verdot,$100.000,100000,ARS,OK,Precio $100.00 + 0 unificado
VIN-479,9,Perdona y Olvida,Perdona y Olvida,Perdona y Olvida Oranje County,$9.600,9600,ARS,OK,
VIN-480,9,Perdona y Olvida,Perdona y Olvida,Perdona y Olvida Ancellotta,$9.600,9600,ARS,OK,
VIN-481,9,Piatelli,Piatelli,Piatelli reserve malbec lujan de cuyo,$18.200,18200,ARS,OK,
VIN-482,9,Piatelli,Piatelli,Piatelli Reserva malbec/tannat cafayate,$18.200,18200,ARS,OK,
VIN-483,9,Piatelli,Piatelli,Arlene Blend,$74.000,74000,ARS,OK,
VIN-484,9,Piatelli,Piatelli,Piatelli Trinità blend,$74.000,74000,ARS,OK,
VIN-485,9,Pulenta,Pulenta,Pulenta Gran Merlot,$88.000,88000,ARS,OK,
VIN-486,9,Pulenta,Pulenta,Pulenta Gran Cabernet Sauvignon,$88.000,88000,ARS,OK,
VIN-487,9,Pulenta,Pulenta,Pulenta Gran Cabernet Franc,$88.000,88000,ARS,OK,
VIN-488,9,Pulenta,Pulenta,Pulenta Gran Malbec,$88.000,88000,ARS,OK,
VIN-489,9,Pulenta,Pulenta,Pulenta Gran Corte,$103.000,103000,ARS,OK,Último $103.00 + 0 unificado
VIN-490,10,Relator Wines,Relator Wines,El Relator Malbec,$13.700,13700,ARS,OK,
VIN-491,10,Relator Wines,Relator Wines,El Relator Cabernet Franc,$13.700,13700,ARS,OK,
VIN-492,10,Relator Wines,Relator Wines,El Relator Extra Brut,$13.700,13700,ARS,OK,
VIN-493,10,Relator Wines,Relator Wines,El Relator Nature Pinot Noir Champenoise,$18.200,18200,ARS,OK,
VIN-494,10,Renacer,Renacer,Renacer Malbec,$52.400,52400,ARS,OK,
VIN-495,10,Renacer,Renacer,Renacer Cabernet Franc,$52.400,52400,ARS,OK,
VIN-496,10,Ribera Del Cuarzo,Ribera Del Cuarzo,Araucana Azul Malbec,$118.000,118000,ARS,OK,
VIN-497,10,Riccitelli Wines,Riccitelli Wines,Riccitelli Kung Fu Malbec,$28.800,28800,ARS,OK,
VIN-498,10,Riccitelli Wines,Riccitelli Wines,Riccitelli Kung Fu Pet Nat,$28.800,28800,ARS,OK,
VIN-499,10,Riccitelli Wines,Riccitelli Wines,Riccitelli Kung Fu Orange,$28.800,28800,ARS,OK,
VIN-500,10,Riccitelli Wines,Riccitelli Wines,Riccitelli Malbec Gualtallary suelos calcareos,$25.200,25200,ARS,OK,
VIN-501,10,Riccitelli Wines,Riccitelli Wines,Riccitelli Viñedos de Montaña Cabernet Franc,$53.500,53500,ARS,OK,
VIN-502,10,Riccitelli Wines,Riccitelli Wines,Riccitelli República del Malbec,$65.700,65700,ARS,OK,
VIN-503,10,Riccitelli Wines,Riccitelli Wines,Riccitelli Old Vines From Patagonia Torrontés,$65.700,65700,ARS,OK,
VIN-504,10,Riccitelli Wines,Riccitelli Wines,Riccitelli Viña Extrema Los Chacayes Malbec,$82.500,82500,ARS,OK,
VIN-505,10,Riccitelli Wines,Riccitelli Wines,Riccitelli Chacayes Matias Cabernet Franc,$54.900,54900,ARS,OK,
VIN-506,10,Riccitelli Wines,Riccitelli Wines,Riccitelli Viña Extrema La Carrera Sauvignon Blanc,$71.400,71400,ARS,OK,
VIN-507,10,Riccitelli Wines,Riccitelli Wines,Riccitelli Old Vines From Patagonia Semillón,$92.700,92700,ARS,OK,
VIN-508,10,Riccitelli Wines,Riccitelli Wines,Riccitelli Old Vines From Patagonia Bastardo,$92.700,92700,ARS,OK,
VIN-509,10,Riccitelli Wines,Riccitelli Wines,Riccitelli Old Vines From Patagonia Malbec,$65.700,65700,ARS,OK,
VIN-510,10,Riccitelli Wines,Riccitelli Wines,Riccitelli & Father Blend,$92.700,92700,ARS,OK,
VIN-511,10,Rutini Wines,Rutini Wines,Rutini Trumpeter Rosé reserve,$17.400,17400,ARS,OK,
VIN-512,10,Rutini Wines,Rutini Wines,Rutini Sauvignon Blanc,$19.400,19400,ARS,OK,
VIN-513,10,Rutini Wines,Rutini Wines,Rutini Chardonnay,$26.400,26400,ARS,OK,
VIN-514,10,Rutini Wines,Rutini Wines,Rutini Malbec,$33.700,33700,ARS,OK,Precio con salto de línea unificado (ej $33.70 +0)
VIN-515,10,Rutini Wines,Rutini Wines,Rutini Gewurztraminer,$38.000,38000,ARS,OK,Precio con salto de línea unificado (ej $33.70 +0)
VIN-516,10,Rutini Wines,Rutini Wines,Rutini Riesling,$38.000,38000,ARS,OK,Precio con salto de línea unificado (ej $33.70 +0)
VIN-517,10,Rutini Wines,Rutini Wines,Rutini Pinot Noir,$39.600,39600,ARS,OK,Precio con salto de línea unificado (ej $33.70 +0)
VIN-518,10,Rutini Wines,Rutini Wines,Rutini Brut Nature,$43.200,43200,ARS,OK,Precio con salto de línea unificado (ej $33.70 +0)
VIN-519,10,Rutini Wines,Rutini Wines,Rutini Rose de Malbec,$42.900,42900,ARS,OK,Precio con salto de línea unificado (ej $33.70 +0)
VIN-520,10,Rutini Wines,Rutini Wines,Rutini SV Gualtallary Cabernet Franc,$55.800,55800,ARS,OK,Precio con salto de línea unificado (ej $33.70 +0)
VIN-521,10,Rutini Wines,Rutini Wines,Rutini Antologia 38,$57.500,57500,ARS,OK,Precio con salto de línea unificado (ej $33.70 +0)
VIN-522,10,Rutini Wines,Rutini Wines,Rutini SV Altamira Malbec,$55.800,55800,ARS,OK,Precio con salto de línea unificado (ej $33.70 +0)
VIN-523,10,Rutini Wines,Rutini Wines,Rutini Encuentro Barrel Blend,$49.500,49500,ARS,OK,Precio con salto de línea unificado (ej $33.70 +0)
VIN-524,10,Rutini Wines,Rutini Wines,Rutini Apartado Gran Malbec,$108.600,108600,ARS,OK,Precio con salto de línea unificado (ej $33.70 +0)
VIN-525,10,Rutini Wines,Rutini Wines,Rutini Apartado Gran Blend,$108.600,108600,ARS,OK,Precio con salto de línea unificado (ej $33.70 +0)
VIN-526,10,Rutini Wines,Rutini Wines,Rutini Apartado Gran Chardonnay,$108.600,108600,ARS,OK,Precio con salto de línea unificado (ej $33.70 +0)
VIN-527,10,Rutini Wines,Rutini Wines,Rutini Felipe Rutini Blend,$495.000,495000,ARS,OK,Precio con salto de línea unificado (ej $33.70 +0)
VIN-528,11,Salentein,Salentein,Salentein Brut Nature,$16.300,16300,ARS,OK,
VIN-529,11,Salentein,Salentein,Salentein Reserva Malbec,$16.300,16300,ARS,OK,
VIN-530,11,Salentein,Salentein,Pyros Appellation Syrah,$16.700,16700,ARS,OK,
VIN-531,11,Salentein,Salentein,Salentein Numina Petit Verdot,$22.300,22300,ARS,OK,
VIN-532,11,Salentein,Salentein,Pyros SV Malbec,$30.700,30700,ARS,OK,
VIN-533,11,Salentein,Salentein,Salentein Numina Gran Corte,$31.300,31300,ARS,OK,
VIN-534,11,Salentein,Salentein,Salentein Primus Chardonnay,$45.600,45600,ARS,OK,
VIN-535,11,Salentein,Salentein,Pyros Special Blend,$44.200,44200,ARS,OK,
VIN-536,11,Salentein,Salentein,Salentein SV Malbec Los Cerezos Gualtallary,$54.100,54100,ARS,OK,
VIN-537,11,Salentein,Salentein,Salentein Primus Pinot Noir,$79.800,79800,ARS,OK,
VIN-538,11,Salentein,Salentein,Salentein Primus Malbec,$79.800,79800,ARS,OK,
VIN-539,11,Salentein,Salentein,Salentein SV Chardonnay San Pablo Las Secuoyas,$101.100,101100,ARS,OK,
VIN-540,11,San Pedro de Yacochuya,San Pedro de Yacochuya,San Pedro de Yacochuya San Pedro Torrontés,$12.500,12500,ARS,OK,
VIN-541,11,San Pedro de Yacochuya,San Pedro de Yacochuya,San Pedro de Yacochuya Blend,$23.500,23500,ARS,OK,
VIN-542,11,San Pedro de Yacochuya,San Pedro de Yacochuya,San Pedro de Yacochuya Yacochuya Malbec,$64.500,64500,ARS,OK,
VIN-543,11,Sarapura,Sarapura,Sarapura Malbec de Malbecs,$17.500,17500,ARS,OK,
VIN-544,11,Sarapura,Sarapura,Sarapura Franc de Francs,$17.500,17500,ARS,OK,
VIN-545,11,Sarapura,Sarapura,Sarapura Blanco de Blancas - Sauv Blanc Chardonnay Semillon,$17.500,17500,ARS,OK,
VIN-546,11,Sarapura,Sarapura,Sarapura Tinto de Tintas - Tannat Bonarda,$17.500,17500,ARS,OK,
VIN-547,11,Sarapura,Sarapura,Sarapura Tinto de Tintas - Syrah Petit Verdot,$17.500,17500,ARS,OK,
VIN-548,11,Septima,Septima,Septima obra cabernet sauvignon,$14.800,14800,ARS,OK,
VIN-549,11,Septima,Septima,Septima Confiado Anfora Malbec,$15.400,15400,ARS,OK,
VIN-550,11,Septima,Septima,Septima Tierra Gualtallary,$18.000,18000,ARS,OK,
VIN-551,11,Septima,Septima,Septima Gran reserva blend,$32.200,32200,ARS,OK,
VIN-552,11,Septima,Septima,Septima 10 barricas Malbec,$48.800,48800,ARS,OK,
VIN-553,11,Septima,Septima,Septima 10 barricas Cabernet Franc,$48.800,48800,ARS,OK,
VIN-554,11,Septima,Septima,Septima 10 barricas Tannat,$48.800,48800,ARS,OK,
VIN-555,11,Siesta,Siesta,Siesta Cabernet Sauvignon Biodinámico,$32.500,32500,ARS,OK,
VIN-556,11,Siesta,Siesta,Siesta Malbec Biodinámico,$39.000,39000,ARS,OK,Precio con salto $39.00+0 unificado
VIN-557,11,Siesta,Siesta,Siesta Cabernet Franc Biodinámico,$47.000,47000,ARS,OK,Precio con salto $39.00+0 unificado
VIN-558,11,Sin Reglas,Sin Reglas,Mil Demonios Lucifer Assamblage,$48.300,48300,ARS,OK,Precio $48.30+0 unificado
VIN-559,11,Sottano,Sottano,Barrabás by Judas,$52.000,52000,ARS,OK,Precio con salto unificado
VIN-560,11,Sottano,Sottano,Judas Malbec,$105.700,105700,ARS,OK,Precio con salto unificado
VIN-561,11,Sottano,Sottano,Judas Blend,$124.700,124700,ARS,OK,Precio con salto unificado
VIN-562,11,Sottano,Sottano,Sottano Piel de Judas Blend,$153.600,153600,ARS,OK,Precio con salto unificado
VIN-563,11,Sottano,Sottano,Sottano Beso de Judas Blend,$153.600,153600,ARS,OK,Precio con salto unificado
VIN-564,12,Sposato Vineyards,Sposato Vineyards,Grand Rve Petit Verdot,$45.800,45800,ARS,OK,
VIN-565,12,Sposato Vineyards,Sposato Vineyards,Sabia Savia,$106.900,106900,ARS,OK,
VIN-566,12,Susana Balbo,Susana Balbo,Susana Balbo Signature Torrontés,$29.900,29900,ARS,OK,
VIN-567,12,Susana Balbo,Susana Balbo,Susana Balbo Signature Rosé,$38.900,38900,ARS,OK,
VIN-568,12,Susana Balbo,Susana Balbo,Susana Balbo Signature White Blend,$38.900,38900,ARS,OK,
VIN-569,12,Susana Balbo,Susana Balbo,Susana Balbo Brioso Blend,$45.900,45900,ARS,OK,
VIN-570,12,Susana Balbo,Susana Balbo,Susana Balbo Nosotros Malbec,$160.900,160900,ARS,OK,
VIN-571,12,Susana Balbo,Susana Balbo,Susana Balbo Nosotros Corcel Malbec,$178.900,178900,ARS,OK,
VIN-572,12,Tapiz,Tapiz,Wapisa Pinot Noir,$18.000,18000,ARS,OK,
VIN-573,12,Tapiz,Tapiz,Black Tears,$70.500,70500,ARS,OK,
VIN-574,12,Tapiz,Tapiz,Retrato por Jean Claude Blend,$105.700,105700,ARS,OK,
VIN-575,12,Tapiz,Tapiz,Notas Jean Claude,$184.500,184500,ARS,OK,
VIN-576,12,TEHO,TEHO,TEHO Floralia Blanco Sauvignon Blanc,$23.700,23700,ARS,OK,
VIN-577,12,TEHO,TEHO,TEHO Floralia Rose Pinot Noir,$23.700,23700,ARS,OK,
VIN-578,12,TEHO,TEHO,TEHO Floralia Tinto Bonarda-Syrah,$23.700,23700,ARS,OK,
VIN-579,12,TEHO,TEHO,TEHO Semillon,$31.700,31700,ARS,OK,
VIN-580,12,TEHO,TEHO,TEHO El Corte,$35.100,35100,ARS,OK,
VIN-581,12,TEHO,TEHO,TEHO Malbec,$40.100,40100,ARS,OK,
VIN-582,12,TEHO,TEHO,TEHO Grand Cru Les Paquerettes Malbec,$66.500,66500,ARS,OK,
VIN-583,12,TEHO,TEHO,TEHO Grand Cru Les Velorus Malbec,$66.500,66500,ARS,OK,
VIN-584,12,TEHO,TEHO,TEHO Grand Cru Les Calliux Malbec,$66.500,66500,ARS,OK,
VIN-585,12,Tikal,Tikal,Amorio,$33.000,33000,ARS,OK,
VIN-586,12,Tikal,Tikal,Natural,$35.000,35000,ARS,OK,
VIN-587,12,Tikal,Tikal,Júbilo,$39.000,39000,ARS,OK,
VIN-588,12,Trapiche,Trapiche,Trapiche Perfiles Grava Cabernet Sauvignon,$20.500,20500,ARS,OK,
VIN-589,12,Trapiche,Trapiche,Trapiche Perfiles Calcáreo Malbec,$20.500,20500,ARS,OK,
VIN-590,12,Trapiche,Trapiche,Costa y Pampa Riesling,$26.500,26500,ARS,OK,
VIN-591,12,Trapiche,Trapiche,Costa y Pampa Albariño,$26.500,26500,ARS,OK,
VIN-592,12,Trapiche,Trapiche,Trapiche Terroir Series Coletto,$70.500,70500,ARS,OK,
VIN-593,12,Trapiche,Trapiche,Trapiche Terroir Series Orellana,$70.500,70500,ARS,OK,
VIN-594,12,Trapiche,Trapiche,Trapiche Iscay Syrah-Viognier,$100.700,100700,ARS,OK,
VIN-595,12,Trapiche,Trapiche,Trapiche Iscay Malbec-Cab Franc,$100.700,100700,ARS,OK,
VIN-596,12,Traslapiedra,Traslapiedra,Traslapiedra Pinot Noir,$8.300,8300,ARS,OK,
VIN-597,12,Traslapiedra,Traslapiedra,Traslapiedra Tinto,$8.300,8300,ARS,OK,
VIN-598,12,Traslapiedra,Traslapiedra,Traslapiedra Malbec,$8.300,8300,ARS,OK,
VIN-599,12,TRES 14,TRES 14,Tres 14 Malbec,$50.500,50500,ARS,OK,
VIN-600,12,TRES 14,TRES 14,Tres 14 Irracional,$54.900,54900,ARS,OK,
VIN-601,12,TRES 14,TRES 14,Tres 14 Imperfecto,$71.400,71400,ARS,OK,
VIN-602,12,Trivento,Trivento,Trivento Reserva White Malbec,$8.970,8970,ARS,OK,
VIN-603,12,Trivento,Trivento,Trivento Golden Reserve Cabernet Franc,$19.810,19810,ARS,OK,
VIN-604,12,Trivento,Trivento,Trivento Cono Sur Rva Especial Carmenere,$24.600,24600,ARS,OK,
VIN-605,12,Trivento,Trivento,Trivento Cono Sur Rva Especial Sauvignon Blanc,$24.600,24600,ARS,OK,
VIN-606,12,Trivento,Trivento,Trivento Terrunyo Malbec,$44.700,44700,ARS,OK,
VIN-607,12,Trivento,Trivento,Eolo Malbec,$122.320,122320,ARS,OK,
VIN-608,12,Trivento,Trivento,Trivento Don Melchor 2020,$322.000,322000,ARS,OK,
VIN-609,12,Ver Sacrum/La Cayetana,Ver Sacrum/La Cayetana,La Cayetana Pedro Ximenez,$21.000,21000,ARS,OK,
VIN-610,12,Ver Sacrum/La Cayetana,Ver Sacrum/La Cayetana,Ver Sacrum Monastrell,$26.000,26000,ARS,OK,
VIN-611,12,Ver Sacrum/La Cayetana,Ver Sacrum/La Cayetana,Ver Sacrum GSM,$26.000,26000,ARS,OK,
VIN-612,12,Ver Sacrum/La Cayetana,Ver Sacrum/La Cayetana,Ver Sacrum Geisha Dragón del Desierto Blend de Blancas,$30.000,30000,ARS,OK,
VIN-613,12,Ver Sacrum/La Cayetana,Ver Sacrum/La Cayetana,Ver Sacrum Garnacha,$29.000,29000,ARS,OK,
VIN-614,12,Ver Sacrum/La Cayetana,Ver Sacrum/La Cayetana,La Cayetena Syrah,$27.000,27000,ARS,OK,
VIN-615,12,Ver Sacrum/La Cayetana,Ver Sacrum/La Cayetana,La Cayetena Pinot noir,$27.000,27000,ARS,OK,
VIN-616,12,Ver Sacrum/La Cayetana,Ver Sacrum/La Cayetana,Ver Sacrum Doña Mencia de los Andes Mencia,$46.600,46600,ARS,OK,
VIN-617,12,Ver Sacrum/La Cayetana,Ver Sacrum/La Cayetana,Ver Sacrum La Dama del Abrigo Rojo Nebbiolo,$60.000,60000,ARS,OK,
VIN-618,12,Vinyes Ocults,Vinyes Ocults,Vinyes Ocults Dulce Natural,$10.400,10400,ARS,OK,
VIN-619,12,Vinyes Ocults,Vinyes Ocults,Vinyes Ocults Viognier,$11.000,11000,ARS,OK,
VIN-620,12,Vinyes Ocults,Vinyes Ocults,Vinyes Ocults Maceración Carbónica,$12.600,12600,ARS,OK,
VIN-621,12,Vinyes Ocults,Vinyes Ocults,Vinyes Ocults Extra Brut,$13.600,13600,ARS,OK,
VIN-622,12,Vinyes Ocults,Vinyes Ocults,Vinyes Ocults Nat Charmat,$16.200,16200,ARS,OK,
VIN-623,12,Vinyes Ocults,Vinyes Ocults,Vinyes Ocults Gran Malbec,$46.400,46400,ARS,OK,
VIN-624,12,Viña Cobos,Viña Cobos,Felino Malbec,$31.100,31100,ARS,OK,
VIN-625,12,Viña Cobos,Viña Cobos,Felino Cabernet Sauvignon,$31.100,31100,ARS,OK,
VIN-626,12,Viña Cobos,Viña Cobos,Felino Red blend,$31.100,31100,ARS,OK,
VIN-627,12,Viña Cobos,Viña Cobos,Felino chardonnay,$31.100,31100,ARS,OK,
VIN-628,12,Viña Cobos,Viña Cobos,Cocodrilo Blend,$51.500,51500,ARS,OK,
VIN-629,12,Viña Cobos,Viña Cobos,Bramare App Valle de Uco Chardonnay,$57.500,57500,ARS,OK,
VIN-630,12,Viña Cobos,Viña Cobos,Bramare App Luján de Cuyo Malbec,$69.500,69500,ARS,OK,
VIN-631,12,Viña Cobos,Viña Cobos,Bramare App Valle de Uco Pinot,$69.500,69500,ARS,OK,
VIN-632,12,Viña Cobos,Viña Cobos,Bramare App Luján de Cuyo Cabernet Sauvignon,$69.500,69500,ARS,OK,
VIN-633,12,Viña Cobos,Viña Cobos,Bramare App Valle de Uco Malbec,$69.500,69500,ARS,OK,
VIN-634,12,Viña Cobos,Viña Cobos,Vínculum Chardonnay,$81.500,81500,ARS,OK,
VIN-635,12,Viña Cobos,Viña Cobos,Vínculum Malbec,$103.100,103100,ARS,OK,
VIN-636,12,Viña Cobos,Viña Cobos,Viña Cobos vineyard designated Zingaretti estate malbec,$200.300,200300,ARS,OK,
VIN-637,12,Viña Cobos,Viña Cobos,Viña Cobos vineyard designated Zingaretti estate cabernet sauvignon,$200.300,200300,ARS,OK,
VIN-638,12,Viña Cobos,Viña Cobos,Viña Cobos vineyard designated Chañares estate cabernet franc,$200.300,200300,ARS,OK,
VIN-639,12,Viña Cobos,Viña Cobos,Viña Cobos vineyard designated Marchiori estate cabernet sauvignon,$200.300,200300,ARS,OK,
VIN-640,13,Vistalba,Vistalba,Vistalba Corte C Blend,$13.400,13400,ARS,OK,
VIN-641,13,Vistalba,Vistalba,Vistalba Progenie Extra Brut Rosé,$14.200,14200,ARS,OK,
VIN-642,13,Vistalba,Vistalba,Vistalba Corte B Blend,$35.400,35400,ARS,OK,
VIN-643,13,Vistalba,Vistalba,Vistalba Corte A Blend,$93.300,93300,ARS,OK,
VIN-644,13,Weinert,Weinert,Montfleury Rva rosado de pinot,$18.900,18900,ARS,OK,
VIN-645,13,Weinert,Weinert,Malbec,$35.600,35600,ARS,OK,
VIN-646,13,Weinert,Weinert,Cabernet Sauvignon,$35.600,35600,ARS,OK,
VIN-647,13,Weinert,Weinert,Merlot,$35.600,35600,ARS,OK,
VIN-648,13,Weinert,Weinert,Cavas,$87.500,87500,ARS,OK,
VIN-649,13,Weinert,Weinert,PEDRO DEL CASTILLO WHITE BLEND,$4.500,4500,ARS,OK,
VIN-650,13,Weinert,Weinert,PEDRO DEL CASTILLO RED BLEND,$4.500,4500,ARS,OK,
VIN-651,13,Weinert,Weinert,PEDRO DEL CASTILLO MALBEC,$4.500,4500,ARS,OK,
VIN-652,13,Weinert,Weinert,PEDRO DEL CASTILLO ROSE,$4.500,4500,ARS,OK,
VIN-653,13,ZAHA,ZAHA,ZAHA FLORA Rosé de Pinot Noir,$17.800,17800,ARS,OK,
VIN-654,13,ZAHA,ZAHA,ZAHA Chardonnay,$23.700,23700,ARS,OK,
VIN-655,13,ZAHA,ZAHA,ZAHA Marsanne,$23.700,23700,ARS,OK,
VIN-656,13,ZAHA,ZAHA,ZAHA Semillón,$23.700,23700,ARS,OK,
VIN-657,13,ZAHA,ZAHA,ZAHA El Corte,$23.700,23700,ARS,OK,
VIN-658,13,ZAHA,ZAHA,ZAHA FLORA Naranjo,$26.400,26400,ARS,OK,
VIN-659,13,ZAHA,ZAHA,ZAHA Malbec,$28.300,28300,ARS,OK,
VIN-660,13,ZAHA,ZAHA,ZAHA Cabernet Franc,$28.300,28300,ARS,OK,
VIN-661,13,ZAHA,ZAHA,ZAHA Cabernet Sauvignon,$28.300,28300,ARS,OK,
